{"inputUnits":[34],"outputUnits":3,"inputs":{"0":{"dtype":"number","min":331.5872245922423,"max":356.12016822859556},"1":{"dtype":"number","min":122.07597550360546,"max":141.04531940660976},"2":{"dtype":"number","min":339.173046171549,"max":363.83282696759255},"3":{"dtype":"number","min":116.41120419864765,"max":136.2557085122746},"4":{"dtype":"number","min":328.17267226429243,"max":351.2435443127132},"5":{"dtype":"number","min":112.36575418513186,"max":135.55455406739233},"6":{"dtype":"number","min":344.5050596121923,"max":374.2462979143823},"7":{"dtype":"number","min":123.99760434037296,"max":139.53198198686565},"8":{"dtype":"number","min":318.275859750967,"max":341.27152366712545},"9":{"dtype":"number","min":122.51691108093854,"max":142.51624659488076},"10":{"dtype":"number","min":357.51937226710027,"max":391.2827626724689},"11":{"dtype":"number","min":152.8245666384929,"max":171.30797031097708},"12":{"dtype":"number","min":308.8851244593689,"max":330.6861089219359},"13":{"dtype":"number","min":149.00155288666542,"max":173.80989773696393},"14":{"dtype":"number","min":367.47103626035573,"max":439.89075316787927},"15":{"dtype":"number","min":125.2040001941703,"max":221.0643421790288},"16":{"dtype":"number","min":275.462208649336,"max":309.54572354143824},"17":{"dtype":"number","min":96.65843108476486,"max":159.24669529727095},"18":{"dtype":"number","min":320.8560765138146,"max":489.2579171996832},"19":{"dtype":"number","min":72.68256471868145,"max":230.76940465856478},"20":{"dtype":"number","min":237.8421349181534,"max":344.40690960800436},"21":{"dtype":"number","min":65.88027091518944,"max":127.77415968986048},"22":{"dtype":"number","min":353.3554213971887,"max":382.9088772481877},"23":{"dtype":"number","min":256.0391143144455,"max":281.5248606125978},"24":{"dtype":"number","min":315.43102242096126,"max":333.5860468397828},"25":{"dtype":"number","min":256.38687104044834,"max":281.9405298065721},"26":{"dtype":"number","min":343.0337774265579,"max":401.8353256612261},"27":{"dtype":"number","min":345.66689117610105,"max":359.7323331777115},"28":{"dtype":"number","min":307.1651942083942,"max":329.2133347658153},"29":{"dtype":"number","min":345.3080609713846,"max":361.45698071455627},"30":{"dtype":"number","min":342.95208520127085,"max":424.302764357182},"31":{"dtype":"number","min":419.9671031810619,"max":438.46057486580594},"32":{"dtype":"number","min":283.30923455965217,"max":332.9442056577805},"33":{"dtype":"number","min":415.1415959110966,"max":438.5728838290387}},"outputs":{"0":{"dtype":"string","min":0,"max":1,"uniqueValues":["y","x","z"],"legend":{"y":[1,0,0],"x":[0,1,0],"z":[0,0,1]}}},"isNormalized":true}