{"inputUnits":[34],"outputUnits":4,"inputs":{"0":{"dtype":"number","min":239.5516274059028,"max":350.52285891527316},"1":{"dtype":"number","min":125.77214469686584,"max":226.11844425312955},"2":{"dtype":"number","min":244.84234428777563,"max":355.8051756622731},"3":{"dtype":"number","min":119.35330809208384,"max":218.1710854097184},"4":{"dtype":"number","min":238.61131775913645,"max":344.33090715612815},"5":{"dtype":"number","min":120.15347861871848,"max":219.4141700997455},"6":{"dtype":"number","min":259.51950452481094,"max":367.06865098741315},"7":{"dtype":"number","min":126.6462085865162,"max":215.68113806652048},"8":{"dtype":"number","min":247.6526402404666,"max":336.9564993339672},"9":{"dtype":"number","min":126.7948690492507,"max":219.88849364758465},"10":{"dtype":"number","min":288.8692303335922,"max":383.12077691448127},"11":{"dtype":"number","min":164.53307510584185,"max":224.79037517227857},"12":{"dtype":"number","min":260.0719398736489,"max":322.1487313729745},"13":{"dtype":"number","min":161.08355546322946,"max":237.70234656380399},"14":{"dtype":"number","min":331.10340140716374,"max":425.75713575932014},"15":{"dtype":"number","min":165.26138394896745,"max":231.45974201998047},"16":{"dtype":"number","min":226.87107019257127,"max":330.9264529936495},"17":{"dtype":"number","min":186.3999305412783,"max":255.2031712225306},"18":{"dtype":"number","min":326.9324664437515,"max":442.25547270003347},"19":{"dtype":"number","min":146.729736328125,"max":260.92230397125894},"20":{"dtype":"number","min":193.44180993866502,"max":364.0905009189777},"21":{"dtype":"number","min":148.73558951632552,"max":241.17344594141196},"22":{"dtype":"number","min":321.43603334185207,"max":374.9762513158846},"23":{"dtype":"number","min":268.13571268122564,"max":309.68427096658746},"24":{"dtype":"number","min":280.4276079322859,"max":333.37190029449164},"25":{"dtype":"number","min":268.4281811333074,"max":312.06968430190057},"26":{"dtype":"number","min":267.54657470227215,"max":390.33324243497196},"27":{"dtype":"number","min":331.70620447943315,"max":383.4384607385706},"28":{"dtype":"number","min":254.13314016241776,"max":319.8959532397532},"29":{"dtype":"number","min":336.256336710374,"max":364.776755885074},"30":{"dtype":"number","min":276.0737157751013,"max":429.04997292085466},"31":{"dtype":"number","min":409.0299038952089,"max":449.16219432451567},"32":{"dtype":"number","min":263.1734631633201,"max":296.42031455830056},"33":{"dtype":"number","min":410.2563690720943,"max":446.811313443249}},"outputs":{"0":{"dtype":"string","min":0,"max":1,"uniqueValues":["Flash","Hulk","Spiderman","Wakanda Forever"],"legend":{"Flash":[1,0,0,0],"Hulk":[0,1,0,0],"Spiderman":[0,0,1,0],"Wakanda Forever":[0,0,0,1]}}},"isNormalized":true}