{"inputUnits":[34],"outputUnits":3,"inputs":{"0":{"dtype":"number","min":269.3353735494335,"max":353.2772571348075},"1":{"dtype":"number","min":142.29334037438701,"max":152.96128300895467},"2":{"dtype":"number","min":277.40904215018884,"max":357.3836251123142},"3":{"dtype":"number","min":138.2695368716591,"max":147.14092291818955},"4":{"dtype":"number","min":269.47567350450777,"max":347.90254767642847},"5":{"dtype":"number","min":135.58358205456946,"max":145.69780197292275},"6":{"dtype":"number","min":286.367308856451,"max":364.79725560714394},"7":{"dtype":"number","min":142.05152426082023,"max":151.45239876492445},"8":{"dtype":"number","min":260.9274009422019,"max":340.8044678983632},"9":{"dtype":"number","min":141.00000124925756,"max":149.732675533778},"10":{"dtype":"number","min":296.44798323424936,"max":373.94575390434636},"11":{"dtype":"number","min":162.46732299090826,"max":189.55412807055615},"12":{"dtype":"number","min":246.82265848676596,"max":327.61529755174064},"13":{"dtype":"number","min":160.86962783545778,"max":175.01918651439524},"14":{"dtype":"number","min":300.34220080161884,"max":413.861228541324},"15":{"dtype":"number","min":121.88188400417275,"max":235.29834531668797},"16":{"dtype":"number","min":216.70308520222267,"max":304.3657486527054},"17":{"dtype":"number","min":125.72618867454008,"max":142.72593269571226},"18":{"dtype":"number","min":246.909067849202,"max":464.7180151985867},"19":{"dtype":"number","min":91.05715210674799,"max":238.16002561334977},"20":{"dtype":"number","min":212.92732045432047,"max":334.8467125251279},"21":{"dtype":"number","min":73.43856603313839,"max":103.436638012267},"22":{"dtype":"number","min":286.070757116723,"max":366.57955415067613},"23":{"dtype":"number","min":258.722205505966,"max":272.95451798169466},"24":{"dtype":"number","min":250.86090087890625,"max":331.69543647394306},"25":{"dtype":"number","min":262.3879662824188,"max":271.46792882134804},"26":{"dtype":"number","min":293.5833240531341,"max":374.55224645068074},"27":{"dtype":"number","min":337.6185230158458,"max":351.8653313411839},"28":{"dtype":"number","min":249.73215144047725,"max":327.6670495343719},"29":{"dtype":"number","min":338.2588986997251,"max":351.7682098924068},"30":{"dtype":"number","min":300.2910421419794,"max":379.3057261572944},"31":{"dtype":"number","min":410.4318713212338,"max":430.03121716237206},"32":{"dtype":"number","min":251.6003429866441,"max":321.5773559034916},"33":{"dtype":"number","min":409.04843216983426,"max":432.0738639608461}},"outputs":{"0":{"dtype":"string","min":0,"max":1,"uniqueValues":["0","1","2"],"legend":{"0":[1,0,0],"1":[0,1,0],"2":[0,0,1]}}},"isNormalized":true}