{"inputUnits":[34],"outputUnits":4,"inputs":{"0":{"dtype":"number","min":278.6819623831885,"max":406.2031106037935},"1":{"dtype":"number","min":120.21343420820625,"max":136.88737181427416},"2":{"dtype":"number","min":284.6122863650554,"max":413.5588130244502},"3":{"dtype":"number","min":112.63239334433632,"max":129.30381968239826},"4":{"dtype":"number","min":270.78971639711256,"max":399.77048163757917},"5":{"dtype":"number","min":114.17461135001673,"max":127.45232178686189},"6":{"dtype":"number","min":293.13825521785145,"max":419.3285808414511},"7":{"dtype":"number","min":116.78718968441612,"max":136.9566699171159},"8":{"dtype":"number","min":260.218886734217,"max":387.0765778242263},"9":{"dtype":"number","min":122.96731127168235,"max":132.4411016691033},"10":{"dtype":"number","min":312.10129468296935,"max":421.63359866969535},"11":{"dtype":"number","min":143.45574391980384,"max":183.38993957400555},"12":{"dtype":"number","min":246.25919215628045,"max":363.7032753868177},"13":{"dtype":"number","min":158.96368201480738,"max":170.5408238342166},"14":{"dtype":"number","min":361.42127916362085,"max":449.90584345588906},"15":{"dtype":"number","min":88.5461259213572,"max":245.6618608322292},"16":{"dtype":"number","min":190.1566200181987,"max":313.15568712022565},"17":{"dtype":"number","min":159.18371222869692,"max":222.23098100509793},"18":{"dtype":"number","min":336.2996356807954,"max":512.2284958748324},"19":{"dtype":"number","min":55.3993754544918,"max":293.47528230841857},"20":{"dtype":"number","min":144.8050706056591,"max":315.56645978961075},"21":{"dtype":"number","min":159.93253068384834,"max":247.02980264585614},"22":{"dtype":"number","min":296.41354387963725,"max":383.78417492842345},"23":{"dtype":"number","min":262.8357483861971,"max":286.08083327146534},"24":{"dtype":"number","min":254.391540170413,"max":343.1880666870355},"25":{"dtype":"number","min":258.3323827078003,"max":276.36012503045805},"26":{"dtype":"number","min":285.0224211992111,"max":375.97393757186205},"27":{"dtype":"number","min":327.55924931278935,"max":372.96043708310486},"28":{"dtype":"number","min":260.31858596653035,"max":346.9080892640945},"29":{"dtype":"number","min":315.8162128530283,"max":355.3174839428758},"30":{"dtype":"number","min":276.4017327440645,"max":368.6514044272737},"31":{"dtype":"number","min":412.5670173154239,"max":451.37235347755234},"32":{"dtype":"number","min":203.61324317738791,"max":350.3764738859953},"33":{"dtype":"number","min":377.2145146003708,"max":437.7248761807268}},"outputs":{"0":{"dtype":"string","min":0,"max":1,"uniqueValues":["q","r","s","t"],"legend":{"q":[1,0,0,0],"r":[0,1,0,0],"s":[0,0,1,0],"t":[0,0,0,1]}}},"isNormalized":true}