{"inputUnits":[34],"outputUnits":3,"inputs":{"0":{"dtype":"number","min":298.2093408000864,"max":329.0787641439754},"1":{"dtype":"number","min":125.07906015853433,"max":157.91610286482128},"2":{"dtype":"number","min":302.48898779439645,"max":336.1127297920093},"3":{"dtype":"number","min":119.12151002047352,"max":149.6978938230994},"4":{"dtype":"number","min":289.8186399225603,"max":322.47867487559773},"5":{"dtype":"number","min":119.21890552513315,"max":151.62942094412463},"6":{"dtype":"number","min":312.0592405084978,"max":346.51472660533165},"7":{"dtype":"number","min":126.12882796319138,"max":153.4481436746162},"8":{"dtype":"number","min":278.88645476997476,"max":314.73090307522006},"9":{"dtype":"number","min":127.63024700082997,"max":158.61698455513104},"10":{"dtype":"number","min":313.80095245777744,"max":361.3413742690058},"11":{"dtype":"number","min":150.7890923632051,"max":182.38382945516184},"12":{"dtype":"number","min":286.24283877962046,"max":298.3450514438324},"13":{"dtype":"number","min":161.440475047448,"max":193.41303834673488},"14":{"dtype":"number","min":356.5424366257576,"max":409.02981109321695},"15":{"dtype":"number","min":103.36193657293188,"max":172.7687634919819},"16":{"dtype":"number","min":242.875808805053,"max":329.2427131400006},"17":{"dtype":"number","min":164.78151317693104,"max":227.61435168528413},"18":{"dtype":"number","min":317.2962211028874,"max":418.1391639783833},"19":{"dtype":"number","min":60.43504919457388,"max":150.07779543395162},"20":{"dtype":"number","min":201.8305775900798,"max":378.4565244083516},"21":{"dtype":"number","min":160.11183982239362,"max":249.69857080173307},"22":{"dtype":"number","min":322.8935277392292,"max":349.1716987951922},"23":{"dtype":"number","min":255.4856114080775,"max":284.0711085745233},"24":{"dtype":"number","min":302.05543741148114,"max":310.8684576975207},"25":{"dtype":"number","min":257.80559145683895,"max":286.04975114788925},"26":{"dtype":"number","min":329.4722808778402,"max":356.697828207332},"27":{"dtype":"number","min":335.2949294895224,"max":362.33523333514177},"28":{"dtype":"number","min":291.6426678335922,"max":324.32416413959703},"29":{"dtype":"number","min":338.8082480477078,"max":355.87044401707936},"30":{"dtype":"number","min":329.1888511018214,"max":393.8039988616289},"31":{"dtype":"number","min":416.2517498529445,"max":430.6582088358918},"32":{"dtype":"number","min":260.9651081464444,"max":318.4015577438979},"33":{"dtype":"number","min":415.66474750957525,"max":441.6512163247746}},"outputs":{"0":{"dtype":"string","min":0,"max":1,"uniqueValues":["3","4","5"],"legend":{"3":[1,0,0],"4":[0,1,0],"5":[0,0,1]}}},"isNormalized":true}