{"inputUnits":[34],"outputUnits":3,"inputs":{"0":{"dtype":"number","min":336.9401917634187,"max":354.0826642071759},"1":{"dtype":"number","min":109.98379415471186,"max":133.9860382972405},"2":{"dtype":"number","min":345.10629278409783,"max":364.1722279450117},"3":{"dtype":"number","min":104.76460596274214,"max":128.62047518903051},"4":{"dtype":"number","min":330.5419541148879,"max":351.0629290307474},"5":{"dtype":"number","min":102.34401442618861,"max":128.74512968007582},"6":{"dtype":"number","min":348.2218579149153,"max":382.03441567820647},"7":{"dtype":"number","min":109.1706749988578,"max":131.79049902724475},"8":{"dtype":"number","min":323.5998701723928,"max":343.1694943909524},"9":{"dtype":"number","min":108.13509459616378,"max":133.07559364720393},"10":{"dtype":"number","min":363.5071502745035,"max":374.63241101240783},"11":{"dtype":"number","min":143.2553945322018,"max":161.28377278645831},"12":{"dtype":"number","min":302.5741056624444,"max":358.4914977462203},"13":{"dtype":"number","min":141.16741767868427,"max":166.45195319638614},"14":{"dtype":"number","min":298.39483725861965,"max":391.8620469835069},"15":{"dtype":"number","min":102.15897766470212,"max":204.09841109902305},"16":{"dtype":"number","min":249.17536090456719,"max":305.72387873777865},"17":{"dtype":"number","min":135.4380447357951,"max":181.53861776430006},"18":{"dtype":"number","min":238.7827828985441,"max":375.5404169331749},"19":{"dtype":"number","min":51.02314672042519,"max":218.77562048839548},"20":{"dtype":"number","min":241.44573367827118,"max":298.4991538361964},"21":{"dtype":"number","min":110.92490272447611,"max":190.45203136421782},"22":{"dtype":"number","min":341.8625478763097,"max":364.2587586638988},"23":{"dtype":"number","min":259.543666635108,"max":286.40867355971307},"24":{"dtype":"number","min":314.538047745911,"max":366.63793552688685},"25":{"dtype":"number","min":265.2690436826115,"max":283.4496484351204},"26":{"dtype":"number","min":272.0024147554215,"max":360.1099058154963},"27":{"dtype":"number","min":353.24832373427597,"max":379.1641051495052},"28":{"dtype":"number","min":278.14156396579557,"max":361.5168913902595},"29":{"dtype":"number","min":350.1506967525965,"max":382.0124769303766},"30":{"dtype":"number","min":227.9862752992507,"max":360.8523886756822},"31":{"dtype":"number","min":407.5350172849659,"max":466.7654210735715},"32":{"dtype":"number","min":227.74842736316702,"max":357.0144787169339},"33":{"dtype":"number","min":406.03838766295075,"max":466.1726215801276}},"outputs":{"0":{"dtype":"string","min":0,"max":1,"uniqueValues":["e","f","g"],"legend":{"e":[1,0,0],"f":[0,1,0],"g":[0,0,1]}}},"isNormalized":true}