{"inputUnits":[34],"outputUnits":3,"inputs":{"0":{"dtype":"number","min":269.83960662901285,"max":358.28237135740284},"1":{"dtype":"number","min":130.74005067464668,"max":149.2587779976471},"2":{"dtype":"number","min":277.3618920458223,"max":366.08039484154176},"3":{"dtype":"number","min":125.6078012923748,"max":144.34961121914213},"4":{"dtype":"number","min":264.0495740507546,"max":354.4374664485106},"5":{"dtype":"number","min":122.83630133139923,"max":141.1407430548417},"6":{"dtype":"number","min":283.11608059829206,"max":371.5266831901803},"7":{"dtype":"number","min":128.19892868428667,"max":148.69176556027654},"8":{"dtype":"number","min":255.251777158146,"max":343.03789105331686},"9":{"dtype":"number","min":125.68975734896594,"max":147.20027038693195},"10":{"dtype":"number","min":298.644915129009,"max":377.7339084617808},"11":{"dtype":"number","min":158.9962091873496,"max":173.233125623439},"12":{"dtype":"number","min":246.86847411633465,"max":327.3936798512122},"13":{"dtype":"number","min":145.83631192034446,"max":170.59663709376522},"14":{"dtype":"number","min":315.1201176039192,"max":402.5794849061129},"15":{"dtype":"number","min":118.08349713479797,"max":224.36457524290324},"16":{"dtype":"number","min":222.53664013005604,"max":321.17246705886214},"17":{"dtype":"number","min":98.25824938322367,"max":140.10980803134612},"18":{"dtype":"number","min":269.09143756472344,"max":452.27829961051714},"19":{"dtype":"number","min":80.8550440916541,"max":236.24955919053815},"20":{"dtype":"number","min":211.17460314060975,"max":360.81311201723923},"21":{"dtype":"number","min":65.70830287524365,"max":101.73921640853433},"22":{"dtype":"number","min":297.90427596480754,"max":356.8714903297945},"23":{"dtype":"number","min":243.36215786998963,"max":270.98290040014314},"24":{"dtype":"number","min":265.14686153181344,"max":321.7977062024568},"25":{"dtype":"number","min":247.47532180875362,"max":269.0949670148407},"26":{"dtype":"number","min":305.68168773985747,"max":354.716356957865},"27":{"dtype":"number","min":328.1381659851669,"max":352.0717033401102},"28":{"dtype":"number","min":273.35906982421875,"max":317.86549008612974},"29":{"dtype":"number","min":332.7186843247441,"max":351.48935001960734},"30":{"dtype":"number","min":318.3138620179531,"max":374.974598429124},"31":{"dtype":"number","min":398.7012182759959,"max":426.7993039136741},"32":{"dtype":"number","min":253.80714520608703,"max":302.16998154192174},"33":{"dtype":"number","min":389.55655638934576,"max":420.13682359840436}},"outputs":{"0":{"dtype":"string","min":0,"max":1,"uniqueValues":["0","1","2"],"legend":{"0":[1,0,0],"1":[0,1,0],"2":[0,0,1]}}},"isNormalized":true}