{"inputUnits":[34],"outputUnits":5,"inputs":{"0":{"dtype":"number","min":260.4179406119601,"max":461.8947477879812},"1":{"dtype":"number","min":1.8060122781794377,"max":175.6400101273148},"2":{"dtype":"number","min":266.4266771461531,"max":502.6230718006632},"3":{"dtype":"number","min":-38.27648125661512,"max":167.11193895247013},"4":{"dtype":"number","min":253.4846648277595,"max":417.5597629956102},"5":{"dtype":"number","min":-42.14358591893961,"max":168.9985278986583},"6":{"dtype":"number","min":278.71367753830106,"max":521.1092073317857},"7":{"dtype":"number","min":-28.64076372708029,"max":172.54380313508923},"8":{"dtype":"number","min":246.65205987108612,"max":380.1572943198518},"9":{"dtype":"number","min":-27.40862156680221,"max":175.70934868230688},"10":{"dtype":"number","min":298.3995691191615,"max":581.4346021983126},"11":{"dtype":"number","min":53.60461140236657,"max":212.6826593053271},"12":{"dtype":"number","min":246.02774993718018,"max":321.5408073856584},"13":{"dtype":"number","min":93.32817449439571,"max":213.87496323613396},"14":{"dtype":"number","min":311.93717257553607,"max":618.6361656412046},"15":{"dtype":"number","min":118.39310993692794,"max":313.78108509799887},"16":{"dtype":"number","min":233.62930030153507,"max":307.8957951417443},"17":{"dtype":"number","min":227.9308582328216,"max":334.59225898132917},"18":{"dtype":"number","min":260.7379476833529,"max":638.4780380368},"19":{"dtype":"number","min":87.728439241822,"max":498.1768061171266},"20":{"dtype":"number","min":232.36828422918188,"max":308.7864741572627},"21":{"dtype":"number","min":265.5954723097892,"max":443.2258005123622},"22":{"dtype":"number","min":305.0171172084399,"max":520.7880852236385},"23":{"dtype":"number","min":263.07167454769734,"max":462.3168802540205},"24":{"dtype":"number","min":265.7119614153113,"max":356.29487154776587},"25":{"dtype":"number","min":270.7162695693226,"max":455.66060978999144},"26":{"dtype":"number","min":296.7059266683418,"max":522.5513691744144},"27":{"dtype":"number","min":314.42129986560366,"max":551.4033909847861},"28":{"dtype":"number","min":237.70746718140836,"max":378.7683781778138},"29":{"dtype":"number","min":335.93990720038755,"max":553.7507471750122},"30":{"dtype":"number","min":296.18293598613775,"max":516.3814912018952},"31":{"dtype":"number","min":368.72130038910205,"max":557.2167965775577},"32":{"dtype":"number","min":264.450920952691,"max":377.4310243245918},"33":{"dtype":"number","min":408.6497119806895,"max":555.2095061482509}},"outputs":{"0":{"dtype":"string","min":0,"max":1,"uniqueValues":["6","7","F7","8","9"],"legend":{"6":[1,0,0,0,0],"7":[0,1,0,0,0],"8":[0,0,0,1,0],"9":[0,0,0,0,1],"F7":[0,0,1,0,0]}}},"isNormalized":true}