{"inputUnits":[34],"outputUnits":3,"inputs":{"0":{"dtype":"number","min":318.973979540968,"max":341.1134909468087},"1":{"dtype":"number","min":124.66364036991348,"max":165.90174029909844},"2":{"dtype":"number","min":325.4009480318363,"max":347.2541859647219},"3":{"dtype":"number","min":118.01909403958979,"max":157.7943939446938},"4":{"dtype":"number","min":312.5838846723471,"max":333.98194251701847},"5":{"dtype":"number","min":118.79436492919922,"max":158.7106508400008},"6":{"dtype":"number","min":332.7902400145056,"max":353.8152576468841},"7":{"dtype":"number","min":124.2997340152138,"max":162.410909790277},"8":{"dtype":"number","min":303.98467482182014,"max":324.1023450706437},"9":{"dtype":"number","min":125.6205104061967,"max":162.74189880252115},"10":{"dtype":"number","min":352.9225066484299,"max":372.0935772455226},"11":{"dtype":"number","min":161.99728357861613,"max":204.90412780880695},"12":{"dtype":"number","min":286.5067105358339,"max":312.7279722574394},"13":{"dtype":"number","min":158.7572178831342,"max":202.86933973286352},"14":{"dtype":"number","min":364.08995035331384,"max":411.252464606748},"15":{"dtype":"number","min":145.905603479456,"max":250.26781822040994},"16":{"dtype":"number","min":231.95640162417763,"max":293.752641882348},"17":{"dtype":"number","min":149.1197064791971,"max":243.10160467731555},"18":{"dtype":"number","min":396.06278744822123,"max":447.54610236392847},"19":{"dtype":"number","min":90.83076759620948,"max":224.73932217900978},"20":{"dtype":"number","min":206.1913152326617,"max":267.2211038392422},"21":{"dtype":"number","min":99.73658861937346,"max":217.8107212951541},"22":{"dtype":"number","min":341.7719050178751,"max":366.01619251987387},"23":{"dtype":"number","min":264.9571647420961,"max":305.87219952142726},"24":{"dtype":"number","min":294.9251177157575,"max":335.02132780138277},"25":{"dtype":"number","min":266.09817475138584,"max":305.6648679736994},"26":{"dtype":"number","min":331.41375744319566,"max":429.0682757342303},"27":{"dtype":"number","min":340.87148432146034,"max":376.6076160453216},"28":{"dtype":"number","min":237.38450107983445,"max":356.704602752745},"29":{"dtype":"number","min":341.2055268761707,"max":378.21658426325683},"30":{"dtype":"number","min":329.1089063499406,"max":430.06735164054885},"31":{"dtype":"number","min":423.9887866639254,"max":433.76004165143763},"32":{"dtype":"number","min":232.5468126560977,"max":332.79834234226513},"33":{"dtype":"number","min":420.23327297634546,"max":469.9927126640929}},"outputs":{"0":{"dtype":"string","min":0,"max":1,"uniqueValues":["u","v","w"],"legend":{"u":[1,0,0],"v":[0,1,0],"w":[0,0,1]}}},"isNormalized":true}