{"inputUnits":[34],"outputUnits":5,"inputs":{"0":{"dtype":"number","min":300.3255687215407,"max":359.60700271190024},"1":{"dtype":"number","min":124.86288208245765,"max":165.7028912103664},"2":{"dtype":"number","min":306.4496016177053,"max":368.60455548321755},"3":{"dtype":"number","min":117.45011848315858,"max":157.01735914799204},"4":{"dtype":"number","min":296.14027830127617,"max":352.9543710452074},"5":{"dtype":"number","min":117.08151358145253,"max":158.0943909583733},"6":{"dtype":"number","min":314.19092427452637,"max":372.8403096635904},"7":{"dtype":"number","min":120.56623484888505,"max":161.35435152704486},"8":{"dtype":"number","min":286.63931149488303,"max":343.2333710133216},"9":{"dtype":"number","min":122.963329114412,"max":164.3539503071508},"10":{"dtype":"number","min":326.38192873949197,"max":389.0955934282864},"11":{"dtype":"number","min":144.9106269226669,"max":196.4922848826031},"12":{"dtype":"number","min":269.6575231719435,"max":328.31073069433023},"13":{"dtype":"number","min":156.18835359986065,"max":198.55313946164375},"14":{"dtype":"number","min":338.27276099727396,"max":429.97553477742747},"15":{"dtype":"number","min":103.72850682070845,"max":228.9596611156798},"16":{"dtype":"number","min":222.18675639429517,"max":286.20400055110105},"17":{"dtype":"number","min":131.57866063406127,"max":225.9387355752391},"18":{"dtype":"number","min":348.87038916872257,"max":442.52949764854026},"19":{"dtype":"number","min":51.9390375386437,"max":280.58752911365053},"20":{"dtype":"number","min":172.90086474799736,"max":307.8271656891523},"21":{"dtype":"number","min":90.12382760150157,"max":277.4471391525417},"22":{"dtype":"number","min":316.8735713847199,"max":378.8366456431487},"23":{"dtype":"number","min":257.55566647178244,"max":299.8581411499261},"24":{"dtype":"number","min":274.18710452074197,"max":335.9804066440515},"25":{"dtype":"number","min":255.57540239181668,"max":298.035737348114},"26":{"dtype":"number","min":289.50936479178085,"max":409.61664805867747},"27":{"dtype":"number","min":323.18283229775824,"max":373.87184187682743},"28":{"dtype":"number","min":282.3259718748096,"max":347.6079697636833},"29":{"dtype":"number","min":327.33697664435607,"max":372.44910286648695},"30":{"dtype":"number","min":291.9951095729776,"max":399.3480957228305},"31":{"dtype":"number","min":407.0294296532346,"max":452.66509474369514},"32":{"dtype":"number","min":279.655818548816,"max":349.81805812545684},"33":{"dtype":"number","min":406.2931011713039,"max":447.2695060268944}},"outputs":{"0":{"dtype":"string","min":0,"max":1,"uniqueValues":["l","m","n","o","p"],"legend":{"l":[1,0,0,0,0],"m":[0,1,0,0,0],"n":[0,0,1,0,0],"o":[0,0,0,1,0],"p":[0,0,0,0,1]}}},"isNormalized":true}