{"inputUnits":[34],"outputUnits":4,"inputs":{"0":{"dtype":"number","min":246.179064179954,"max":360.56021231192125},"1":{"dtype":"number","min":121.76754436530098,"max":174.91320247538604},"2":{"dtype":"number","min":250.15507093879447,"max":368.9378151698419},"3":{"dtype":"number","min":114.97881913510446,"max":164.1997172632645},"4":{"dtype":"number","min":237.74329633508276,"max":354.4832713701571},"5":{"dtype":"number","min":114.69081231725144,"max":175.309933073107},"6":{"dtype":"number","min":264.13365622477687,"max":376.20652226676714},"7":{"dtype":"number","min":118.89014141833803,"max":153.0868536222283},"8":{"dtype":"number","min":236.6840369984885,"max":345.51092255649974},"9":{"dtype":"number","min":121.93380999053895,"max":178.4613805254068},"10":{"dtype":"number","min":292.8733001768473,"max":389.3071450871101},"11":{"dtype":"number","min":145.6868983337521,"max":172.64867949904055},"12":{"dtype":"number","min":251.34040401228222,"max":336.48072449087397},"13":{"dtype":"number","min":147.5048399808114,"max":209.74885639391448},"14":{"dtype":"number","min":299.4340280157316,"max":416.95194950810185},"15":{"dtype":"number","min":95.34001579061587,"max":230.9541853222466},"16":{"dtype":"number","min":239.29871445743194,"max":319.9978035746494},"17":{"dtype":"number","min":100.26288900691398,"max":253.92403466892057},"18":{"dtype":"number","min":256.33152773970517,"max":390.0387478060657},"19":{"dtype":"number","min":48.46473976417823,"max":280.280055888215},"20":{"dtype":"number","min":195.84649574919285,"max":331.31545752809757},"21":{"dtype":"number","min":53.149874503152404,"max":274.3974476715742},"22":{"dtype":"number","min":309.30570189715826,"max":401.09397293299025},"23":{"dtype":"number","min":256.7546155903539,"max":280.8042464525843},"24":{"dtype":"number","min":270.0148042972557,"max":365.0393141361705},"25":{"dtype":"number","min":258.16617017600964,"max":280.40087084556416},"26":{"dtype":"number","min":325.7183320341054,"max":403.3481162147447},"27":{"dtype":"number","min":335.2359686957465,"max":359.9790717379624},"28":{"dtype":"number","min":260.36636687161626,"max":356.0759305303324},"29":{"dtype":"number","min":334.9401685926649,"max":359.4166012628269},"30":{"dtype":"number","min":304.1693052771496,"max":407.0720680043479},"31":{"dtype":"number","min":406.34759914108184,"max":435.39345665052383},"32":{"dtype":"number","min":255.5722429598981,"max":345.8984523721141},"33":{"dtype":"number","min":407.59515416552443,"max":433.33941483822946}},"outputs":{"0":{"dtype":"string","min":0,"max":1,"uniqueValues":["a","b","c","d"],"legend":{"a":[1,0,0,0],"b":[0,1,0,0],"c":[0,0,1,0],"d":[0,0,0,1]}}},"isNormalized":true}