{"inputUnits":[34],"outputUnits":4,"inputs":{"0":{"dtype":"number","min":260.4179406119601,"max":342.6923148766828},"1":{"dtype":"number","min":141.36869612725388,"max":184.01536402414183},"2":{"dtype":"number","min":265.2196873001188,"max":348.9562125698632},"3":{"dtype":"number","min":135.09252775017512,"max":176.13295675950673},"4":{"dtype":"number","min":253.20017080325596,"max":334.79401259394416},"5":{"dtype":"number","min":135.9963813766866,"max":177.98939680727835},"6":{"dtype":"number","min":272.45370072928085,"max":356.053867749071},"7":{"dtype":"number","min":138.62074281272368,"max":178.8371711864806},"8":{"dtype":"number","min":245.15924167447153,"max":325.48479879576325},"9":{"dtype":"number","min":142.44027805142466,"max":181.70291848582366},"10":{"dtype":"number","min":290.622409872609,"max":367.34814976623414},"11":{"dtype":"number","min":159.52911919785288,"max":212.4193901671768},"12":{"dtype":"number","min":246.02774993718018,"max":317.68399675454776},"13":{"dtype":"number","min":182.17126173350312,"max":214.51948764496143},"14":{"dtype":"number","min":311.93717257553607,"max":392.74281760173},"15":{"dtype":"number","min":118.39310993692794,"max":248.08528848094085},"16":{"dtype":"number","min":240.75443795782314,"max":307.8957951417443},"17":{"dtype":"number","min":225.22307457282528,"max":252.05723039355655},"18":{"dtype":"number","min":260.7379476833529,"max":429.05787477251613},"19":{"dtype":"number","min":87.728439241822,"max":285.57734974643637},"20":{"dtype":"number","min":246.37464259335403,"max":352.5659013119822},"21":{"dtype":"number","min":234.3866621169895,"max":289.8649540653935},"22":{"dtype":"number","min":303.3051042761254,"max":365.2711555228131},"23":{"dtype":"number","min":262.0624023199546,"max":304.41568475020557},"24":{"dtype":"number","min":268.5826220893488,"max":327.0714873970136},"25":{"dtype":"number","min":264.8404263799418,"max":306.59166421574224},"26":{"dtype":"number","min":296.7059266683418,"max":366.6522246541103},"27":{"dtype":"number","min":314.42129986560366,"max":362.55713509304945},"28":{"dtype":"number","min":238.30205474913004,"max":306.2528489021762},"29":{"dtype":"number","min":334.8898943032902,"max":366.1485709920961},"30":{"dtype":"number","min":296.18293598613775,"max":422.6845174272623},"31":{"dtype":"number","min":368.72130038910205,"max":429.44472404018944},"32":{"dtype":"number","min":264.450920952691,"max":314.6235246267932},"33":{"dtype":"number","min":400.98307544492604,"max":428.6589719538103}},"outputs":{"0":{"dtype":"string","min":0,"max":1,"uniqueValues":["6","7","8","9"],"legend":{"6":[1,0,0,0],"7":[0,1,0,0],"8":[0,0,1,0],"9":[0,0,0,1]}}},"isNormalized":true}