{"inputUnits":[34],"outputUnits":4,"inputs":{"0":{"dtype":"number","min":309.34327540109496,"max":395.85306297733536},"1":{"dtype":"number","min":110.25082653261299,"max":166.70685944733796},"2":{"dtype":"number","min":317.35960129408807,"max":403.69674742105644},"3":{"dtype":"number","min":103.29965424119379,"max":158.94051185593037},"4":{"dtype":"number","min":307.8436243603801,"max":386.85509040341736},"5":{"dtype":"number","min":103.86732967741074,"max":160.71018917983503},"6":{"dtype":"number","min":331.6869504456399,"max":412.45529085572},"7":{"dtype":"number","min":109.63117930391843,"max":162.41957428394934},"8":{"dtype":"number","min":306.83321649800496,"max":375.8373937179238},"9":{"dtype":"number","min":109.96870312309636,"max":165.82277948628624},"10":{"dtype":"number","min":335.48585590563323,"max":425.9691312020285},"11":{"dtype":"number","min":161.2567415293197,"max":193.4424125567282},"12":{"dtype":"number","min":292.31661909969694,"max":354.64761536953273},"13":{"dtype":"number","min":144.48778208236246,"max":194.2530474746436},"14":{"dtype":"number","min":340.41673433478576,"max":427.4730463752969},"15":{"dtype":"number","min":141.89891079015896,"max":247.75894611202483},"16":{"dtype":"number","min":243.09214898717332,"max":336.84409262376454},"17":{"dtype":"number","min":119.02384722674333,"max":246.37089422571728},"18":{"dtype":"number","min":323.92866406059636,"max":416.9822875798097},"19":{"dtype":"number","min":93.43020255105537,"max":296.80692081562955},"20":{"dtype":"number","min":230.0467008177997,"max":326.8177447402686},"21":{"dtype":"number","min":76.42818131177282,"max":297.4605490403798},"22":{"dtype":"number","min":351.065860621878,"max":384.6296117830927},"23":{"dtype":"number","min":271.1313264783595,"max":306.3180363526818},"24":{"dtype":"number","min":308.5406922457511,"max":355.04596078140224},"25":{"dtype":"number","min":267.70425956384014,"max":304.78317112021045},"26":{"dtype":"number","min":355.26653445952115,"max":392.51056871916114},"27":{"dtype":"number","min":367.5442849915859,"max":383.8710325363784},"28":{"dtype":"number","min":266.53811449195905,"max":355.5429782086645},"29":{"dtype":"number","min":345.33248098273026,"max":383.844161898072},"30":{"dtype":"number","min":355.86288511636894,"max":440.2625386942664},"31":{"dtype":"number","min":429.081691570914,"max":464.53416790878566},"32":{"dtype":"number","min":251.4497836523818,"max":355.80141212507993},"33":{"dtype":"number","min":413.0040207057901,"max":454.9929232532286}},"outputs":{"0":{"dtype":"string","min":0,"max":1,"uniqueValues":["h","i","j","k"],"legend":{"h":[1,0,0,0],"i":[0,1,0,0],"j":[0,0,1,0],"k":[0,0,0,1]}}},"isNormalized":true}